continent,2010_population
Europe,807.084553003
Oceania,459.253679105
Africa,1459.61162386
Asia,1346.70051696
North America,345.840671412
South America,792.553364708
